question_id,question,expected_topic,in_dataset,question_type,generated_response,retrieved_doc_1_title,retrieved_doc_1_summary,retrieved_doc_1_topic,retrieved_doc_1_cosine_score,retrieved_doc_2_title,retrieved_doc_2_summary,retrieved_doc_2_topic,retrieved_doc_2_cosine_score,retrieved_doc_3_title,retrieved_doc_3_summary,retrieved_doc_3_topic,retrieved_doc_3_cosine_score
1,What are the primary advantages of masked autoencoders for self-supervised visual representation learning?,cs.CV,True,intra,"The primary advantage of masked autoencoders for self-supervised visual representation learning is that they can generate more challenging training examples, making it easier for the model to learn from limited task supervision. Additionally, they can improve the generalization of the pre-trained models by identifying positive samples without any assumptions. However, the effectiveness of masked autoencoders depends on the choice of masking strategy and the quality of the input images. [",Self-supervised Pre-training with Hard Examples Improves Visual Representations,"Self-supervised pre-training (SSP) employs random image transformations to
generate training data for visual representation learning. In this paper, we
first present a modeling framework that unifies ","['cs.CV', 'cs.AI', 'cs.LG']",0.9110065698623657,Self-supervised Pre-training with Hard Examples Improves Visual Representations,"Self-supervised pre-training (SSP) employs random image transformations to
generate training data for visual representation learning. In this paper, we
first present a modeling framework that unifies ","['cs.CV', 'cs.AI', 'cs.LG']",0.911006510257721,Self-Supervised Visual Representations Learning by Contrastive Mask Prediction,"Advanced self-supervised visual representation learning methods rely on the
instance discrimination (ID) pretext task. We point out that the ID task has an
implicit semantic consistency (SC) assumptio",['cs.CV'],0.9091572761535645
2,How do recent multi-scale feature pyramids improve the detection of small objects in aerial imagery?,cs.CV,True,intra,"Recent multi-scale feature pyramids improve the detection of small objects in aerial imagery by connecting multiple machine learning models into a pipeline, breaking down the problem into steps, each tackled by a specific component model of the pipeline, making the overall solution accurate and explainable. This paper describes an enhancement of object detection based on this multi-step concept, where a post-processing step called the calibration model is introduced. The calibration model consists of a convolutional neural network, and utilizes rich contextual information based on the domain knowledge of the input. Improvements of object detection performance by 0.8-1.9 in",Object sieving and morphological closing to reduce false detections in wide-area aerial imagery,"For object detection in wide-area aerial imagery, post-processing is usually
needed to reduce false detections. We propose a two-stage post-processing
scheme which comprises an area-thresholding sievi","['cs.CV', 'eess.IV']",0.9166086912155151,DOTA: A Large-scale Dataset for Object Detection in Aerial Images,"Object detection is an important and challenging problem in computer vision.
Although the past decade has witnessed major advances in object detection in
natural scenes, such successes have been slow ",['cs.CV'],0.9074240922927856,An Improvement of Object Detection Performance using Multi-step Machine Learnings,"Connecting multiple machine learning models into a pipeline is effective for
handling complex problems. By breaking down the problem into steps, each
tackled by a specific component model of the pipel",['cs.CV'],0.906947135925293
3,What techniques are most effective for mitigating semantic shift in unsupervised domain adaptation for image segmentation?,cs.CV,True,intra,"I don't know based on the provided documents. Document 1 does not provide any information about techniques for mitigating semantic shift in unsupervised domain adaptation for image segmentation. Document 2 provides a proposal for semi-supervised domain adaptation with representation learning for semantic segmentation across time, but it does not discuss techniques for mitigating semantic shift. Document 3 discusses semi-supervised domain adaptation with representation learning for semantic segmentation across time, but it also mentions that it requires annotations on the new dataset. Therefore, there is insufficient information in all three documents to determine the most effective technique for mitigating semantic shift",Unsupervised Model Adaptation for Continual Semantic Segmentation,"We develop an algorithm for adapting a semantic segmentation model that is
trained using a labeled source domain to generalize well in an unlabeled target
domain. A similar problem has been studied ex","['cs.LG', 'cs.CV', 'stat.ML']",0.9356449842453003,Self-supervised Augmentation Consistency for Adapting Semantic Segmentation,"We propose an approach to domain adaptation for semantic segmentation that is
both practical and highly accurate. In contrast to previous work, we abandon
the use of computationally involved adversari","['cs.CV', 'cs.LG']",0.9327422976493835,Semi-Supervised Domain Adaptation with Representation Learning for Semantic Segmentation across Time,"Deep learning generates state-of-the-art semantic segmentation provided that
a large number of images together with pixel-wise annotations are available. To
alleviate the expensive data collection pro",['cs.CV'],0.9318654537200928
4,Under what conditions does the Adam optimizer exhibit poor generalization compared to standard stochastic gradient descent?,cs.LG,True,intra,I don't know based on the provided documents.,Dual Averaging is Surprisingly Effective for Deep Learning Optimization,"First-order stochastic optimization methods are currently the most widely
used class of methods for training deep neural networks. However, the choice of
the optimizer has become an ad-hoc rule that c","['cs.LG', 'math.OC', 'stat.ML']",0.9108508825302124,Dual Averaging is Surprisingly Effective for Deep Learning Optimization,"First-order stochastic optimization methods are currently the most widely
used class of methods for training deep neural networks. However, the choice of
the optimizer has become an ad-hoc rule that c","['cs.LG', 'math.OC', 'stat.ML']",0.9108508825302124,Dual Averaging is Surprisingly Effective for Deep Learning Optimization,"First-order stochastic optimization methods are currently the most widely
used class of methods for training deep neural networks. However, the choice of
the optimizer has become an ad-hoc rule that c","['cs.LG', 'math.OC', 'stat.ML']",0.9108508825302124
5,How can contrastive learning objectives be adapted to handle long-tailed data distributions effectively?,cs.LG,True,intra,"I don't know based on the provided documents. Document 1 does not discuss contrastive learning objectives; Document 2 discusses causality and its impact on function estimation; Document 3 discusses de-biasing contrastive learning and its effectiveness in handling long-tailed data distributions. There is no specific information given about how contrastive learning objectives can be adapted to handle long-tailed data distributions effectively. Therefore, the best response is:

I don't know based on the provided documents.",Contrastive estimation reveals topic posterior information to linear models,"Contrastive learning is an approach to representation learning that utilizes
naturally occurring similar and dissimilar pairs of data points to find useful
embeddings of data. In the context of docume","['cs.LG', 'stat.ML']",0.898895800113678,Robust Learning via Cause-Effect Models,"We consider the problem of function estimation in the case where the data
distribution may shift between training and test time, and additional
information about it may be available at test time. This","['stat.ML', 'cs.LG']",0.8961872458457947,Debiased Contrastive Learning,"A prominent technique for self-supervised representation learning has been to
contrast semantically similar and dissimilar pairs of samples. Without access
to labels, dissimilar (negative) points are ","['cs.LG', 'stat.ML']",0.8878310918807983
6,What role does over-parameterization play in avoiding local minima in deep neural network optimization?,stat.ML,True,intra,"Over-parameterization plays a crucial role in avoiding local minima in deep neural network optimization. Specifically, the original result for 1-hidden-layer wide neural networks in [59] cannot hold because the task is impossible when the original result for 1-hidden-layer network in [59] can not hold. More specifically, the authors prove that for any multi-layer network with generic input data and non-linear activation functions, sub-optimal local minima can exist, no matter how wide the network is (as long as the last hidden layer has at least two neurons). This demonstrates that ""no bad",Sub-Optimal Local Minima Exist for Neural Networks with Almost All Non-Linear Activations,"Does over-parameterization eliminate sub-optimal local minima for neural
networks? An affirmative answer was given by a classical result in [59] for
1-hidden-layer wide neural networks. A few recent w","['cs.LG', 'math.OC', 'stat.ML']",0.9327713847160339,Which Minimizer Does My Neural Network Converge To?,"The loss surface of an overparameterized neural network (NN) possesses many
global minima of zero training error. We explain how common variants of the
standard NN training procedure change the minimi","['stat.ML', 'cs.LG']",0.9245256185531616,Loss landscapes and optimization in over-parameterized non-linear systems and neural networks,"The success of deep learning is due, to a large extent, to the remarkable
effectiveness of gradient-based optimization methods applied to large neural
networks. The purpose of this work is to propose ","['cs.LG', 'math.OC', 'stat.ML']",0.9240531921386719
7,How do neuro-symbolic systems integrate symbolic reasoning with neural representations for complex planning tasks?,cs.AI,True,intra,"Neuro-symbolic systems integrate symbolic reasoning with neural representations for complex planning tasks through combining abstract, symbolic reasoning with continuous neural reasoning. They learn continuous semantic representations of algebraic and logical expressions, representing semantic equivalence even of expressions that are syntactically very different. This approach allows them to handle decision-making in dynamic environments with uncertainties and rapidly search policies for policy search. The framework is tested on benchmark domains of hierarchical reinforcement learning. The integration of symbolic planning with hierarchical reinforcement learning improves policy search and robust symbolic plans in complex domains. The proposed explanation-based model helps correct bias in the network's decision rationale. The",PEORL: Integrating Symbolic Planning and Hierarchical Reinforcement Learning for Robust Decision-Making,"Reinforcement learning and symbolic planning have both been used to build
intelligent autonomous agents. Reinforcement learning relies on learning from
interactions with real world, which often requir","['cs.LG', 'cs.AI', 'stat.ML']",0.9077337384223938,Towards Explainable Neural-Symbolic Visual Reasoning,"Many high-performance models suffer from a lack of interpretability. There
has been an increasing influx of work on explainable artificial intelligence
(XAI) in order to disentangle what is meant and ","['cs.LG', 'cs.AI']",0.8997287750244141,Learning Continuous Semantic Representations of Symbolic Expressions,"Combining abstract, symbolic reasoning with continuous neural reasoning is a
grand challenge of representation learning. As a step in this direction, we
propose a new architecture, called neural equiv","['cs.LG', 'cs.AI']",0.8985205888748169
8,What are the fundamental limitations of using offline reinforcement learning for dynamic knowledge representation?,cs.AI,True,intra,"I don't know based on the provided documents. Document 1 does not contain sufficient information to answer the question about the fundamental limitations of using offline reinforcement learning for dynamic knowledge representation. Document 2 provides theoretical insights into the benefits of actor-critic methods for offline reinforcement learning, but does not address the limitations of using offline reinforcement learning for dynamic knowledge representation. Document 3 discusses the use of actor-critic methods in offline reinforcement learning, but does not provide information about the limitations of using offline reinforcement learning for dynamic knowledge representation. Therefore, the correct response is: I don't know based on the provided",A Minimalist Approach to Offline Reinforcement Learning,"Offline reinforcement learning (RL) defines the task of learning from a fixed
batch of data. Due to errors in value estimation from out-of-distribution
actions, most offline RL algorithms take the app","['cs.LG', 'cs.AI', 'stat.ML']",0.9115560054779053,Behavior Constraining in Weight Space for Offline Reinforcement Learning,"In offline reinforcement learning, a policy needs to be learned from a single
pre-collected dataset. Typically, policies are thus regularized during training
to behave similarly to the data generating",['cs.LG'],0.9102002382278442,Provable Benefits of Actor-Critic Methods for Offline Reinforcement Learning,"Actor-critic methods are widely used in offline reinforcement learning
practice, but are not so well-understood theoretically. We propose a new
offline actor-critic algorithm that naturally incorporat",['cs.LG'],0.9077531099319458
9,What approaches exist for removing motion artifacts in magnetic resonance imaging without relying on paired training data?,eess.IV,True,intra,"The proposed GAN approach removes motion artifacts in multishot MRI by generating high-fidelity images that reduce the image reconstruction time by an impressive two orders of magnitude. It does not rely on paired training data. Based on the provided documents, there are no specific approaches mentioned for removing motion artifacts in magnetic resonance imaging without relying on paired training data. Therefore, the answer is:",Automating Motion Correction in Multishot MRI Using Generative Adversarial Networks,"Multishot Magnetic Resonance Imaging (MRI) has recently gained popularity as
it accelerates the MRI data acquisition process without compromising the
quality of final MR image. However, it suffers fro",['cs.CV'],0.9086299538612366,Brain MRI Image Super Resolution using Phase Stretch Transform and Transfer Learning,"A hallucination-free and computationally efficient algorithm for enhancing
the resolution of brain MRI images is demonstrated.",['cs.CV'],0.8988637328147888,Brain MRI Image Super Resolution using Phase Stretch Transform and Transfer Learning,"A hallucination-free and computationally efficient algorithm for enhancing
the resolution of brain MRI images is demonstrated.",['cs.CV'],0.8988637328147888
10,How can generative adversarial networks be constrained to preserve anatomical topology in medical image translation?,eess.IV,True,intra,"To preserve anatomical topology in medical image translation, MDGAN explicitly disentangles domain-invariant features and domain-specific features while gaining individual control over both. This is achieved through the use of a fully convolutional generator to model domain-invariant features and a style code to separate target-domain features as a manifold. By designing the image translation process as a stylisation task, the input is transformed into diverse target-domain images based on style codes sampled from the learned manifold. This approach allows for the explicit disentangling of domain-invariant and domain-specific features, enabling the generation of high-quality, anatomically",Manipulating Medical Image Translation with Manifold Disentanglement,"Medical image translation (e.g. CT to MR) is a challenging task as it
requires I) faithful translation of domain-invariant features (e.g. shape
information of anatomical structures) and II) realistic ","['cs.CV', 'cs.AI']",0.9249066710472107,Towards generative adversarial networks as a new paradigm for radiology education,"Medical students and radiology trainees typically view thousands of images in
order to ""train their eye"" to detect the subtle visual patterns necessary for
diagnosis. Nevertheless, infrastructural and",['cs.CV'],0.9225271940231323,Synthetic Medical Images from Dual Generative Adversarial Networks,"Currently there is strong interest in data-driven approaches to medical image
classification. However, medical imaging data is scarce, expensive, and fraught
with legal concerns regarding patient priv",['cs.CV'],0.9170460104942322
11,How does rotary position embedding differ from absolute position embedding in the context of transformer-based language models?,cs.CL,True,intra,"Rotary position embedding differs from absolute position embedding in the context of transformer-based language models by allowing for more flexible positional encoding. Absolute position embeddings map each token's position relative to the start of the sequence, while rotary position embeddings map each token's position relative to its own rotation axis. This flexibility enables the model to better capture the temporal dependencies in the data, leading to improved performance on certain NLP tasks. However, it is important to note that both types of positional encodings can be used together in combination with other techniques such as contrastive predictive coding (CPC). The choice between them depends on",ETC: Encoding Long and Structured Inputs in Transformers,"Transformer models have advanced the state of the art in many Natural
Language Processing (NLP) tasks. In this paper, we present a new Transformer
architecture, Extended Transformer Construction (ETC)","['cs.LG', 'stat.ML']",0.9201807975769043,ETC: Encoding Long and Structured Inputs in Transformers,"Transformer models have advanced the state of the art in many Natural
Language Processing (NLP) tasks. In this paper, we present a new Transformer
architecture, Extended Transformer Construction (ETC)","['cs.LG', 'stat.ML']",0.9201807975769043,ETC: Encoding Long and Structured Inputs in Transformers,"Transformer models have advanced the state of the art in many Natural
Language Processing (NLP) tasks. In this paper, we present a new Transformer
architecture, Extended Transformer Construction (ETC)","['cs.LG', 'stat.ML']",0.9201807975769043
12,What strategies can be employed to reduce the computational complexity of self-attention mechanisms for very long document classification?,cs.CL,True,intra,"The strategies that can be employed to reduce the computational complexity of self-attention mechanisms for very long document classification include exploiting low-rank matrix approximation techniques, reducing the overall self-attention complexity from $O(n^2)$ to $O(n)$ in both time and space, and proposing a new self-attention mechanism that reduces the overall self-attention complexity from $O(n^2)$ to $O(n)$ in both time and space. These approaches can help achieve state-of-the-art results in natural language processing tasks while being much more memory- and time-efficient compared to traditional self-attention mechanisms",Linformer: Self-Attention with Linear Complexity,"Large transformer models have shown extraordinary success in achieving
state-of-the-art results in many natural language processing applications.
However, training and deploying these models can be pr","['cs.LG', 'stat.ML']",0.8994852304458618,Linformer: Self-Attention with Linear Complexity,"Large transformer models have shown extraordinary success in achieving
state-of-the-art results in many natural language processing applications.
However, training and deploying these models can be pr","['cs.LG', 'stat.ML']",0.8994852304458618,Linformer: Self-Attention with Linear Complexity,"Large transformer models have shown extraordinary success in achieving
state-of-the-art results in many natural language processing applications.
However, training and deploying these models can be pr","['cs.LG', 'stat.ML']",0.8994852304458618
13,What are the theoretical guarantees on sample complexity for quantum kernel methods applied to classical supervised learning tasks?,quant-ph,False,related-missing,I don't know based on the provided documents.,Entangled Kernels -- Beyond Separability,"We consider the problem of operator-valued kernel learning and investigate
the possibility of going beyond the well-known separable kernels. Borrowing
tools and concepts from the field of quantum comp","['cs.LG', 'quant-ph', 'stat.ML']",0.9177716970443726,On the Sample Complexity of Learning with Geometric Stability,"Many supervised learning problems involve high-dimensional data such as
images, text, or graphs. In order to make efficient use of data, it is often
useful to leverage certain geometric priors in the ","['stat.ML', 'cs.LG']",0.9164612293243408,"Reproducing Kernel Hilbert Space, Mercer's Theorem, Eigenfunctions, Nyström Method, and Use of Kernels in Machine Learning: Tutorial and Survey","This is a tutorial and survey paper on kernels, kernel methods, and related
fields. We start with reviewing the history of kernels in functional analysis
and machine learning. Then, Mercer kernel, Hil","['stat.ML', 'cs.LG', 'math.FA']",0.9139422178268433
14,How do spike-timing-dependent plasticity rules in neuromorphic hardware compare to backpropagation in terms of energy efficiency and learning stability?,cs.NE,False,related-missing,"Spike-timing-dependent plasticity rules in neuromorphic hardware are more energy-efficient than backpropagation in terms of learning stability. This is because spike-timing-dependent plasticity rules allow for faster learning rates and better adaptation to changes in the network topology, while backpropagation requires more computational resources and may lead to slower convergence. Additionally, spike-timing-dependent plasticity rules have been shown to improve performance in various tasks compared to backpropagation. However, further research is needed to determine the optimal implementation of these rules in neuromorphic hardware. Document 1 does not provide sufficient information to answer",Training Dynamic Exponential Family Models with Causal and Lateral Dependencies for Generalized Neuromorphic Computing,"Neuromorphic hardware platforms, such as Intel's Loihi chip, support the
implementation of Spiking Neural Networks (SNNs) as an energy-efficient
alternative to Artificial Neural Networks (ANNs). SNNs ","['cs.LG', 'cs.IT', 'eess.SP', 'math.IT', 'stat.ML']",0.9237418174743652,A Dual-Memory Architecture for Reinforcement Learning on Neuromorphic Platforms,"Reinforcement learning (RL) is a foundation of learning in biological systems
and provides a framework to address numerous challenges with real-world
artificial intelligence applications. Efficient im","['cs.LG', 'cs.AI', 'I.2']",0.9189150333404541,Towards deep learning with spiking neurons in energy based models with contrastive Hebbian plasticity,"In machine learning, error back-propagation in multi-layer neural networks
(deep learning) has been impressively successful in supervised and
reinforcement learning tasks. As a model for learning in t","['cs.LG', 'cs.NE', 'q-bio.NC']",0.9117740988731384
15,What are the formal differential privacy guarantees of the Gaussian mechanism when applied to gradient aggregation in cross-silo federated learning with heterogeneous data distributions?,cs.CR,False,related-missing,"I don't know based on the provided documents. Document 1 does not contain sufficient information to answer the question about the formal differential privacy guarantees of the Gaussian mechanism when applied to gradient aggregation in cross-silo federated learning with heterogeneous data distributions. Document 2 does not contain sufficient information to answer the question about the theoretical results regarding communication reduction techniques in federated learning. Document 3 does not contain sufficient information to answer the question about the numerical accountant for evaluating the tight $(\varepsilon,\delta)$-privacy loss for algorithms with discrete one-dimensional output. Document 4 does not contain sufficient",Differentially Private Federated Learning with Laplacian Smoothing,"Federated learning aims to protect data privacy by collaboratively learning a
model without sharing private data among users. However, an adversary may still
be able to infer the private training data","['cs.LG', 'stat.ML']",0.93240886926651,Differential Privacy Meets Federated Learning under Communication Constraints,"The performance of federated learning systems is bottlenecked by
communication costs and training variance. The communication overhead problem
is usually addressed by three communication-reduction tec","['cs.LG', 'cs.DC']",0.9272646903991699,Tight Differential Privacy for Discrete-Valued Mechanisms and for the Subsampled Gaussian Mechanism Using FFT,"We propose a numerical accountant for evaluating the tight
$(\varepsilon,\delta)$-privacy loss for algorithms with discrete one
dimensional output. The method is based on the privacy loss distribution","['stat.ML', 'cs.CR', 'cs.LG']",0.9248301386833191
16,What were the primary economic consequences of the Black Death on feudal land tenure systems in 14th century England?,history,False,extra,"I don't know based on the provided documents. Document 1 does not provide information about the economic consequences of the Black Death on feudal land tenure systems in 14th century England. Document 2 also does not provide any relevant information. Document 3 provides no information related to the Black Death or its economic impacts on feudal land tenure systems in 14th century England. Therefore, the correct response is:

I don't know based on the provided documents. Document 1 does not contain sufficient information to answer the question. Document 2 and Document 3 do not provide relevant information either",Automatic clustering of Celtic coins based on 3D point cloud pattern analysis,"The recognition and clustering of coins which have been struck by the same
die is of interest for archeological studies. Nowadays, this work can only be
performed by experts and is very tedious. In th",['cs.CV'],0.7923921942710876,Automatic clustering of Celtic coins based on 3D point cloud pattern analysis,"The recognition and clustering of coins which have been struck by the same
die is of interest for archeological studies. Nowadays, this work can only be
performed by experts and is very tedious. In th",['cs.CV'],0.7923921942710876,Mining Spatio-temporal Data on Industrialization from Historical Registries,"Despite the growing availability of big data in many fields, historical data
on socioevironmental phenomena are often not available due to a lack of
automated and scalable approaches for collecting, d","['cs.CV', 'cs.IR']",0.790921688079834
17,How does the doctrine of proportionality differ from rational basis review in constitutional adjudication of fundamental rights?,law,False,extra,"I don't know based on the provided documents. Document 1 does not discuss the doctrine of proportionality; it only mentions differential privacy and its statistical hypothesis testing interpretation. Document 2 discusses the creation process of datasets and their features, but does not address the doctrine of proportionality. Document 3 provides information on evaluating post-hoc interpretations, but does not discuss the doctrine of proportionality. Therefore, there is insufficient information to answer the question.",Hypothesis Testing Interpretations and Renyi Differential Privacy,"Differential privacy is a de facto standard in data privacy, with
applications in the public and private sectors. A way to explain differential
privacy, which is particularly appealing to statistician","['cs.LG', 'stat.ML']",0.8222518563270569,European Court of Human Right Open Data project,"This paper presents thirteen datasets for binary, multiclass and multilabel
classification based on the European Court of Human Rights judgments since its
creation. The interest of such datasets is ex","['cs.LG', 'stat.ML']",0.8173037767410278,The Logic Traps in Evaluating Post-hoc Interpretations,"Post-hoc interpretation aims to explain a trained model and reveal how the
model arrives at a decision. Though research on post-hoc interpretations has
developed rapidly, one growing pain in this fiel","['cs.LG', 'cs.AI', 'cs.CL']",0.8127079010009766
18,By what physiological mechanisms do deep-sea fish regulate buoyancy at extreme hydrostatic pressures below 1000 metres?,biology,False,extra,"Deep-sea fish regulate buoyancy through a combination of physiological mechanisms including:

1. **Water Absorption**: Fish can absorb water from their environment to maintain their body volume, especially when they are submerged in deeper waters.

2. **Gas Exchange**: Fish have specialized organs called gills that allow them to exchange gases with the surrounding water, maintaining their internal pressure.

3. **Temperature Regulation**: Fish can adjust their body temperature to match the environmental temperature, which helps them survive in cold or hot environments.

4. **Pressure Sensitive Structures**: Some fish possess structures sensitive to changes in atmospheric pressure,",Using Deep Learning to Count Albatrosses from Space,"In this paper we test the use of a deep learning approach to automatically
count Wandering Albatrosses in Very High Resolution (VHR) satellite imagery. We
use a dataset of manually labelled imagery pr",['cs.CV'],0.8444638252258301,Using Deep Learning to Count Albatrosses from Space,"In this paper we test the use of a deep learning approach to automatically
count Wandering Albatrosses in Very High Resolution (VHR) satellite imagery. We
use a dataset of manually labelled imagery pr",['cs.CV'],0.8444638252258301,Automated Stitching of Coral Reef Images and Extraction of Features for Damselfish Shoaling Behavior Analysis,"Behavior analysis of animals involves the observation of intraspecific and
interspecific interactions among various organisms in the environment.
Collective behavior such as herding in farm animals, f",['cs.CV'],0.8438740968704224
19,What mechanistic pathways govern the stereoselectivity of asymmetric aldol reactions catalysed by proline derivatives?,chemistry,False,extra,I don't know based on the provided documents.,Modern Hopfield Networks for Few- and Zero-Shot Reaction Template Prediction,"Finding synthesis routes for molecules of interest is an essential step in
the discovery of new drugs and materials. To find such routes,
computer-assisted synthesis planning (CASP) methods are employ","['cs.LG', 'cs.AI', 'q-bio.BM', 'stat.ML']",0.8633105158805847,C5T5: Controllable Generation of Organic Molecules with Transformers,"Methods for designing organic materials with desired properties have high
potential impact across fields such as medicine, renewable energy,
petrochemical engineering, and agriculture. However, using ",['cs.LG'],0.8615949749946594,C5T5: Controllable Generation of Organic Molecules with Transformers,"Methods for designing organic materials with desired properties have high
potential impact across fields such as medicine, renewable energy,
petrochemical engineering, and agriculture. However, using ",['cs.LG'],0.8615949749946594
20,How did the structural principles of Roman concrete (opus caementicium) enable the construction of the Pantheon's unreinforced dome?,architecture,False,extra,"I don't know based on the provided documents. Document 1 does not contain sufficient information to answer the question about how the structural principles of Roman concrete enabled the construction of the Pantheon's unreinforced dome. Document 2 also does not provide any information about the Pantheon's construction methods or the use of Roman concrete. Document 3 does not discuss the Pantheon's construction or the use of Roman concrete. Therefore, it is impossible to determine the correct answer to the question based solely on the information provided in these three documents.",Adaptive Visualisation System for Construction Building Information Models Using Saliency,"Building Information Modeling (BIM) is a recent construction process based on
a 3D model, containing every component related to the building achievement.
Architects, structure engineers, method engine","['cs.CV', 'cs.AI']",0.809502124786377,Adding Visibility to Visibility Graphs: Weighting Visibility Analysis with Attenuation Coefficients,"Evaluating the built environment based on visibility has been long used as a
tool for human-centric design. The origins of isovists and visibility graphs
are within interior spaces, while more recentl","['cs.CV', 'cs.GR', 'cs.HC', 'I.6']",0.8093551397323608,SalSi: A new seismic attribute for salt dome detection,"In this paper, we propose a saliency-based attribute, SalSi, to detect salt
dome bodies within seismic volumes. SalSi is based on the saliency theory and
modeling of the human vision system (HVS). In ",['cs.CV'],0.8023592233657837
